{"cameraMode":{"drawMode":0,"name":"Shaded","section":"Shading Mode"},"sceneLighting":true,"audioPlay":false,"sceneViewState":{"m_AlwaysRefresh":false,"showFog":true,"showSkybox":true,"showFlares":true,"showImageEffects":true,"showParticleSystems":true,"showVisualEffectGraphs":true,"m_FxEnabled":true},"in2DMode":false,"pivot":{"x":-1.9049263000488282,"y":-0.1397244930267334,"z":0.5017986297607422},"rotation":{"x":-0.1443357765674591,"y":0.7373422384262085,"z":-0.16667315363883973,"w":-0.6385245323181152},"size":4.3657684326171879,"orthographic":false}